﻿<?xml version="1.0" encoding="utf-8"?>
<selector xmlns:android="http://schemas.android.com/apk/res/android" >

  <item android:state_pressed="true" >
    <shape>
      <solid android:color="#00d6a8" />
      <stroke android:width="1dp" android:color="#00d6a8" />
      <corners android:radius="26dp" />
      <padding android:left="26dp" android:right="26dp" />
    </shape>
  </item>

  <item >
    <shape>
      <solid android:color="@android:color/transparent" />
      <stroke android:width="1dp" android:color="#00d6a8" />
      <corners android:radius="26dp" />
      <padding android:left="26dp" android:right="26dp" />
    </shape>
  </item>

</selector>