﻿<?xml version="1.0" encoding="utf-8" ?>
<shape xmlns:android="http://schemas.android.com/apk/res/android" >
  <item>
    <solid android:color="@android:color/transparent" />
  <stroke
      android:width="1dp"
      android:color="#ffffff" />
  <corners
      android:topLeftRadius="26dp"
      android:topRightRadius="26dp"
      android:bottomLeftRadius="26dp"
      android:bottomRightRadius="26dp" />
  <padding
        android:left="12dp"
        android:right="12dp"
        android:top="12dp"
        android:bottom="12dp"/>
  </item>
  <item android:bottom="1dp">
    <shape android:shape="rectangle">
      <solid android:color="#ffffff" />
    </shape>
  </item>
</shape>
